INSERT INTO organization (id, name, full_name, inn, kpp, adress, phone, is_active) VALUES
(1, 'Ромашка', 'ООО Ромашка', 1234567, 888888888, 'г. Москва', 89999999999, 1),
(2, 'Отличие', 'ЗАО Отличие-МК', 4151613431, 5555555, 'г. Санкт-Петербург', 8999888888, 1),
(3, 'Альянс', 'ОАО Альянс', 555555, 414627316, 'г. Москва', 89995467839, 1),
(4, 'Вектор', 'ООО Вектор', 514511, 123431262, 'г. Москва', 89997777777, 1),
(5, 'Феникс', 'ООО Феникс', 1521351236, 234123412, 'г. Зеленоград', 8999543621, 1);

INSERT INTO office (id, org_id, name, address, phone, is_active) VALUES
(1, 2, 'Первый', 'Москва', 89999999999, 1),
(2, 4, 'Второй', 'Санкт-Петербург', 89777777777, 1),
(3, 5, 'Третий', 'Зеленоград', 89111111111, 0),
(4, 1, 'Четвертый', 'Тверь', 89014444444, 1),
(5, 2, 'Пятый', 'Москва', 89673333333, 0);

INSERT INTO user (id, first_name, second_name, middle_name, position, phone, is_identified, document_id, office_id, doc_id, country_id) VALUES
(1, 'Иван', 'Иванов', 'Иванович', 'Директор', 89789999999, 1, 1, 2, 3, 3),
(2, 'Петров', 'Петр', 'Петрович', 'Кассир', 89789966999, 1, 4, 1, 2, 2),
(3, 'Матвеев', 'Матвей', 'Матвеевич', 'Менеджер', 89999999999, 0, 2, 3, 1, 1),
(4, 'Николаев', 'Николай', 'Николаевич', 'Инженер', 89789923299, 1, 3, 5, 4, 4),
(5, 'Михайлов', 'Михаил', 'Михайлович', 'Программист', 89789111999, 0, 5, 1, 5, 5);

INSERT INTO document (id, document_name, document_number, document_date) VALUES
(1, 'Паспорт', 123456, 11.12.1990),
(2, 'Паспорт', 654321, 11.10.1991),
(3, 'Паспорт', 122265, 21.03.2000),
(4, 'Паспорт', 123444, 14.01.1995),
(5, 'Паспорт', 123555, 25.07.2005);

INSERT INTO doc (id, doc_name, doc_code) VALUES
(1, 'Паспорт гражданина РФ', 21),
(2, 'Паспорт гражданина Украины', 20),
(3, 'Паспорт гражданина Республики Беларусь', 22),
(4, 'Паспорт гражданина Казахстана', 19),
(5, 'Паспорт гражданина Литвы', 18);

INSERT INTO country (id, country_name, country_code) VALUES
(1, 'Российская Федерация', 643),
(2, 'Украина', 804),
(3, 'Республика Беларусь', 112),
(4, 'Казахстан', 398),
(5, 'Литва', 440);

